"","Date","Hour","Month","Day","Year","Week.Number","Day.of.Week","WeekDay","Holiday","temp","precip","snow","windspeed","covid","Rush"
"5",2022-05-10,"00",5,10,2022,19,3,"Tue","No Holiday",62.9,0,0,11.5,0,0
"6",2022-05-10,"01",5,10,2022,19,3,"Tue","No Holiday",62.9,0,0,11.5,0,0
"7",2022-05-10,"02",5,10,2022,19,3,"Tue","No Holiday",62.9,0,0,11.5,0,0
"8",2022-05-10,"03",5,10,2022,19,3,"Tue","No Holiday",62.9,0,0,11.5,0,0
"9",2022-05-10,"04",5,10,2022,19,3,"Tue","No Holiday",62.9,0,0,11.5,0,0
"10",2022-05-10,"05",5,10,2022,19,3,"Tue","No Holiday",62.9,0,0,11.5,0,0
"11",2022-05-10,"06",5,10,2022,19,3,"Tue","No Holiday",62.9,0,0,11.5,0,0
"12",2022-05-10,"07",5,10,2022,19,3,"Tue","No Holiday",62.9,0,0,11.5,0,0
"13",2022-05-10,"08",5,10,2022,19,3,"Tue","No Holiday",62.9,0,0,11.5,0,0
"14",2022-05-10,"09",5,10,2022,19,3,"Tue","No Holiday",62.9,0,0,11.5,0,0
"15",2022-05-10,"10",5,10,2022,19,3,"Tue","No Holiday",62.9,0,0,11.5,0,0
"16",2022-05-10,"11",5,10,2022,19,3,"Tue","No Holiday",62.9,0,0,11.5,0,0
"17",2022-05-10,"12",5,10,2022,19,3,"Tue","No Holiday",62.9,0,0,11.5,0,0
"18",2022-05-10,"13",5,10,2022,19,3,"Tue","No Holiday",62.9,0,0,11.5,0,0
"19",2022-05-10,"14",5,10,2022,19,3,"Tue","No Holiday",62.9,0,0,11.5,0,0
"20",2022-05-10,"15",5,10,2022,19,3,"Tue","No Holiday",62.9,0,0,11.5,0,1
"21",2022-05-10,"16",5,10,2022,19,3,"Tue","No Holiday",62.9,0,0,11.5,0,1
"22",2022-05-10,"17",5,10,2022,19,3,"Tue","No Holiday",62.9,0,0,11.5,0,1
"23",2022-05-10,"18",5,10,2022,19,3,"Tue","No Holiday",62.9,0,0,11.5,0,1
"24",2022-05-10,"19",5,10,2022,19,3,"Tue","No Holiday",62.9,0,0,11.5,0,1
"25",2022-05-10,"20",5,10,2022,19,3,"Tue","No Holiday",62.9,0,0,11.5,0,1
"26",2022-05-10,"21",5,10,2022,19,3,"Tue","No Holiday",62.9,0,0,11.5,0,0
"27",2022-05-10,"22",5,10,2022,19,3,"Tue","No Holiday",62.9,0,0,11.5,0,0
"28",2022-05-10,"23",5,10,2022,19,3,"Tue","No Holiday",62.9,0,0,11.5,0,0
"29",2022-05-11,"00",5,11,2022,19,4,"Wed","No Holiday",64.1,0,0,6.5,0,0
"30",2022-05-11,"01",5,11,2022,19,4,"Wed","No Holiday",64.1,0,0,6.5,0,0
"31",2022-05-11,"02",5,11,2022,19,4,"Wed","No Holiday",64.1,0,0,6.5,0,0
"32",2022-05-11,"03",5,11,2022,19,4,"Wed","No Holiday",64.1,0,0,6.5,0,0
"33",2022-05-11,"04",5,11,2022,19,4,"Wed","No Holiday",64.1,0,0,6.5,0,0
"34",2022-05-11,"05",5,11,2022,19,4,"Wed","No Holiday",64.1,0,0,6.5,0,0
"35",2022-05-11,"06",5,11,2022,19,4,"Wed","No Holiday",64.1,0,0,6.5,0,0
"36",2022-05-11,"07",5,11,2022,19,4,"Wed","No Holiday",64.1,0,0,6.5,0,0
"37",2022-05-11,"08",5,11,2022,19,4,"Wed","No Holiday",64.1,0,0,6.5,0,0
"38",2022-05-11,"09",5,11,2022,19,4,"Wed","No Holiday",64.1,0,0,6.5,0,0
"39",2022-05-11,"10",5,11,2022,19,4,"Wed","No Holiday",64.1,0,0,6.5,0,0
"40",2022-05-11,"11",5,11,2022,19,4,"Wed","No Holiday",64.1,0,0,6.5,0,0
"41",2022-05-11,"12",5,11,2022,19,4,"Wed","No Holiday",64.1,0,0,6.5,0,0
"42",2022-05-11,"13",5,11,2022,19,4,"Wed","No Holiday",64.1,0,0,6.5,0,0
"43",2022-05-11,"14",5,11,2022,19,4,"Wed","No Holiday",64.1,0,0,6.5,0,0
"44",2022-05-11,"15",5,11,2022,19,4,"Wed","No Holiday",64.1,0,0,6.5,0,1
"45",2022-05-11,"16",5,11,2022,19,4,"Wed","No Holiday",64.1,0,0,6.5,0,1
"46",2022-05-11,"17",5,11,2022,19,4,"Wed","No Holiday",64.1,0,0,6.5,0,1
"47",2022-05-11,"18",5,11,2022,19,4,"Wed","No Holiday",64.1,0,0,6.5,0,1
"48",2022-05-11,"19",5,11,2022,19,4,"Wed","No Holiday",64.1,0,0,6.5,0,1
"49",2022-05-11,"20",5,11,2022,19,4,"Wed","No Holiday",64.1,0,0,6.5,0,1
"50",2022-05-11,"21",5,11,2022,19,4,"Wed","No Holiday",64.1,0,0,6.5,0,0
"51",2022-05-11,"22",5,11,2022,19,4,"Wed","No Holiday",64.1,0,0,6.5,0,0
"52",2022-05-11,"23",5,11,2022,19,4,"Wed","No Holiday",64.1,0,0,6.5,0,0
"53",2022-05-12,"00",5,12,2022,19,5,"Thu","No Holiday",64.4,0,0,7.8,0,0
"54",2022-05-12,"01",5,12,2022,19,5,"Thu","No Holiday",64.4,0,0,7.8,0,0
"55",2022-05-12,"02",5,12,2022,19,5,"Thu","No Holiday",64.4,0,0,7.8,0,0
"56",2022-05-12,"03",5,12,2022,19,5,"Thu","No Holiday",64.4,0,0,7.8,0,0
"57",2022-05-12,"04",5,12,2022,19,5,"Thu","No Holiday",64.4,0,0,7.8,0,0
"58",2022-05-12,"05",5,12,2022,19,5,"Thu","No Holiday",64.4,0,0,7.8,0,0
"59",2022-05-12,"06",5,12,2022,19,5,"Thu","No Holiday",64.4,0,0,7.8,0,0
"60",2022-05-12,"07",5,12,2022,19,5,"Thu","No Holiday",64.4,0,0,7.8,0,0
"61",2022-05-12,"08",5,12,2022,19,5,"Thu","No Holiday",64.4,0,0,7.8,0,0
"62",2022-05-12,"09",5,12,2022,19,5,"Thu","No Holiday",64.4,0,0,7.8,0,0
"63",2022-05-12,"10",5,12,2022,19,5,"Thu","No Holiday",64.4,0,0,7.8,0,0
"64",2022-05-12,"11",5,12,2022,19,5,"Thu","No Holiday",64.4,0,0,7.8,0,0
"65",2022-05-12,"12",5,12,2022,19,5,"Thu","No Holiday",64.4,0,0,7.8,0,0
"66",2022-05-12,"13",5,12,2022,19,5,"Thu","No Holiday",64.4,0,0,7.8,0,0
"67",2022-05-12,"14",5,12,2022,19,5,"Thu","No Holiday",64.4,0,0,7.8,0,0
"68",2022-05-12,"15",5,12,2022,19,5,"Thu","No Holiday",64.4,0,0,7.8,0,1
"69",2022-05-12,"16",5,12,2022,19,5,"Thu","No Holiday",64.4,0,0,7.8,0,1
"70",2022-05-12,"17",5,12,2022,19,5,"Thu","No Holiday",64.4,0,0,7.8,0,1
"71",2022-05-12,"18",5,12,2022,19,5,"Thu","No Holiday",64.4,0,0,7.8,0,1
"72",2022-05-12,"19",5,12,2022,19,5,"Thu","No Holiday",64.4,0,0,7.8,0,1
"73",2022-05-12,"20",5,12,2022,19,5,"Thu","No Holiday",64.4,0,0,7.8,0,1
"74",2022-05-12,"21",5,12,2022,19,5,"Thu","No Holiday",64.4,0,0,7.8,0,0
"75",2022-05-12,"22",5,12,2022,19,5,"Thu","No Holiday",64.4,0,0,7.8,0,0
"76",2022-05-12,"23",5,12,2022,19,5,"Thu","No Holiday",64.4,0,0,7.8,0,0
"77",2022-05-13,"00",5,13,2022,19,6,"Fri","No Holiday",60.7,0,0,12.3,0,0
"78",2022-05-13,"01",5,13,2022,19,6,"Fri","No Holiday",60.7,0,0,12.3,0,0
"79",2022-05-13,"02",5,13,2022,19,6,"Fri","No Holiday",60.7,0,0,12.3,0,0
"80",2022-05-13,"03",5,13,2022,19,6,"Fri","No Holiday",60.7,0,0,12.3,0,0
"81",2022-05-13,"04",5,13,2022,19,6,"Fri","No Holiday",60.7,0,0,12.3,0,0
"82",2022-05-13,"05",5,13,2022,19,6,"Fri","No Holiday",60.7,0,0,12.3,0,0
"83",2022-05-13,"06",5,13,2022,19,6,"Fri","No Holiday",60.7,0,0,12.3,0,0
"84",2022-05-13,"07",5,13,2022,19,6,"Fri","No Holiday",60.7,0,0,12.3,0,0
"85",2022-05-13,"08",5,13,2022,19,6,"Fri","No Holiday",60.7,0,0,12.3,0,0
"86",2022-05-13,"09",5,13,2022,19,6,"Fri","No Holiday",60.7,0,0,12.3,0,0
"87",2022-05-13,"10",5,13,2022,19,6,"Fri","No Holiday",60.7,0,0,12.3,0,0
"88",2022-05-13,"11",5,13,2022,19,6,"Fri","No Holiday",60.7,0,0,12.3,0,0
"89",2022-05-13,"12",5,13,2022,19,6,"Fri","No Holiday",60.7,0,0,12.3,0,0
"90",2022-05-13,"13",5,13,2022,19,6,"Fri","No Holiday",60.7,0,0,12.3,0,0
"91",2022-05-13,"14",5,13,2022,19,6,"Fri","No Holiday",60.7,0,0,12.3,0,0
"92",2022-05-13,"15",5,13,2022,19,6,"Fri","No Holiday",60.7,0,0,12.3,0,1
"93",2022-05-13,"16",5,13,2022,19,6,"Fri","No Holiday",60.7,0,0,12.3,0,1
"94",2022-05-13,"17",5,13,2022,19,6,"Fri","No Holiday",60.7,0,0,12.3,0,1
"95",2022-05-13,"18",5,13,2022,19,6,"Fri","No Holiday",60.7,0,0,12.3,0,1
"96",2022-05-13,"19",5,13,2022,19,6,"Fri","No Holiday",60.7,0,0,12.3,0,1
"97",2022-05-13,"20",5,13,2022,19,6,"Fri","No Holiday",60.7,0,0,12.3,0,1
"98",2022-05-13,"21",5,13,2022,19,6,"Fri","No Holiday",60.7,0,0,12.3,0,0
"99",2022-05-13,"22",5,13,2022,19,6,"Fri","No Holiday",60.7,0,0,12.3,0,0
"100",2022-05-13,"23",5,13,2022,19,6,"Fri","No Holiday",60.7,0,0,12.3,0,0
"101",2022-05-14,"00",5,14,2022,20,7,"Sat","No Holiday",60.1,0.34,0,12.5,0,0
"102",2022-05-14,"01",5,14,2022,20,7,"Sat","No Holiday",60.1,0.34,0,12.5,0,0
"103",2022-05-14,"02",5,14,2022,20,7,"Sat","No Holiday",60.1,0.34,0,12.5,0,0
"104",2022-05-14,"03",5,14,2022,20,7,"Sat","No Holiday",60.1,0.34,0,12.5,0,0
"105",2022-05-14,"04",5,14,2022,20,7,"Sat","No Holiday",60.1,0.34,0,12.5,0,0
"106",2022-05-14,"05",5,14,2022,20,7,"Sat","No Holiday",60.1,0.34,0,12.5,0,0
"107",2022-05-14,"06",5,14,2022,20,7,"Sat","No Holiday",60.1,0.34,0,12.5,0,0
"108",2022-05-14,"07",5,14,2022,20,7,"Sat","No Holiday",60.1,0.34,0,12.5,0,0
"109",2022-05-14,"08",5,14,2022,20,7,"Sat","No Holiday",60.1,0.34,0,12.5,0,0
"110",2022-05-14,"09",5,14,2022,20,7,"Sat","No Holiday",60.1,0.34,0,12.5,0,0
"111",2022-05-14,"10",5,14,2022,20,7,"Sat","No Holiday",60.1,0.34,0,12.5,0,0
"112",2022-05-14,"11",5,14,2022,20,7,"Sat","No Holiday",60.1,0.34,0,12.5,0,0
"113",2022-05-14,"12",5,14,2022,20,7,"Sat","No Holiday",60.1,0.34,0,12.5,0,0
"114",2022-05-14,"13",5,14,2022,20,7,"Sat","No Holiday",60.1,0.34,0,12.5,0,0
"115",2022-05-14,"14",5,14,2022,20,7,"Sat","No Holiday",60.1,0.34,0,12.5,0,0
"116",2022-05-14,"15",5,14,2022,20,7,"Sat","No Holiday",60.1,0.34,0,12.5,0,1
"117",2022-05-14,"16",5,14,2022,20,7,"Sat","No Holiday",60.1,0.34,0,12.5,0,1
"118",2022-05-14,"17",5,14,2022,20,7,"Sat","No Holiday",60.1,0.34,0,12.5,0,1
"119",2022-05-14,"18",5,14,2022,20,7,"Sat","No Holiday",60.1,0.34,0,12.5,0,1
"120",2022-05-14,"19",5,14,2022,20,7,"Sat","No Holiday",60.1,0.34,0,12.5,0,1
"121",2022-05-14,"20",5,14,2022,20,7,"Sat","No Holiday",60.1,0.34,0,12.5,0,1
"122",2022-05-14,"21",5,14,2022,20,7,"Sat","No Holiday",60.1,0.34,0,12.5,0,0
"123",2022-05-14,"22",5,14,2022,20,7,"Sat","No Holiday",60.1,0.34,0,12.5,0,0
"124",2022-05-14,"23",5,14,2022,20,7,"Sat","No Holiday",60.1,0.34,0,12.5,0,0
"125",2022-05-15,"00",5,15,2022,20,1,"Sun","No Holiday",62.4,0.27,0,11.4,0,0
"126",2022-05-15,"01",5,15,2022,20,1,"Sun","No Holiday",62.4,0.27,0,11.4,0,0
"127",2022-05-15,"02",5,15,2022,20,1,"Sun","No Holiday",62.4,0.27,0,11.4,0,0
"128",2022-05-15,"03",5,15,2022,20,1,"Sun","No Holiday",62.4,0.27,0,11.4,0,0
"129",2022-05-15,"04",5,15,2022,20,1,"Sun","No Holiday",62.4,0.27,0,11.4,0,0
"130",2022-05-15,"05",5,15,2022,20,1,"Sun","No Holiday",62.4,0.27,0,11.4,0,0
"131",2022-05-15,"06",5,15,2022,20,1,"Sun","No Holiday",62.4,0.27,0,11.4,0,0
"132",2022-05-15,"07",5,15,2022,20,1,"Sun","No Holiday",62.4,0.27,0,11.4,0,0
"133",2022-05-15,"08",5,15,2022,20,1,"Sun","No Holiday",62.4,0.27,0,11.4,0,0
"134",2022-05-15,"09",5,15,2022,20,1,"Sun","No Holiday",62.4,0.27,0,11.4,0,0
"135",2022-05-15,"10",5,15,2022,20,1,"Sun","No Holiday",62.4,0.27,0,11.4,0,0
"136",2022-05-15,"11",5,15,2022,20,1,"Sun","No Holiday",62.4,0.27,0,11.4,0,0
"137",2022-05-15,"12",5,15,2022,20,1,"Sun","No Holiday",62.4,0.27,0,11.4,0,0
"138",2022-05-15,"13",5,15,2022,20,1,"Sun","No Holiday",62.4,0.27,0,11.4,0,0
"139",2022-05-15,"14",5,15,2022,20,1,"Sun","No Holiday",62.4,0.27,0,11.4,0,0
"140",2022-05-15,"15",5,15,2022,20,1,"Sun","No Holiday",62.4,0.27,0,11.4,0,1
"141",2022-05-15,"16",5,15,2022,20,1,"Sun","No Holiday",62.4,0.27,0,11.4,0,1
"142",2022-05-15,"17",5,15,2022,20,1,"Sun","No Holiday",62.4,0.27,0,11.4,0,1
"143",2022-05-15,"18",5,15,2022,20,1,"Sun","No Holiday",62.4,0.27,0,11.4,0,1
"144",2022-05-15,"19",5,15,2022,20,1,"Sun","No Holiday",62.4,0.27,0,11.4,0,1
"145",2022-05-15,"20",5,15,2022,20,1,"Sun","No Holiday",62.4,0.27,0,11.4,0,1
"146",2022-05-15,"21",5,15,2022,20,1,"Sun","No Holiday",62.4,0.27,0,11.4,0,0
"147",2022-05-15,"22",5,15,2022,20,1,"Sun","No Holiday",62.4,0.27,0,11.4,0,0
"148",2022-05-15,"23",5,15,2022,20,1,"Sun","No Holiday",62.4,0.27,0,11.4,0,0
"149",2022-05-16,"00",5,16,2022,20,2,"Mon","No Holiday",58.5,0.08,0,16.3,0,0
"150",2022-05-16,"01",5,16,2022,20,2,"Mon","No Holiday",58.5,0.08,0,16.3,0,0
"151",2022-05-16,"02",5,16,2022,20,2,"Mon","No Holiday",58.5,0.08,0,16.3,0,0
"152",2022-05-16,"03",5,16,2022,20,2,"Mon","No Holiday",58.5,0.08,0,16.3,0,0
"153",2022-05-16,"04",5,16,2022,20,2,"Mon","No Holiday",58.5,0.08,0,16.3,0,0
"154",2022-05-16,"05",5,16,2022,20,2,"Mon","No Holiday",58.5,0.08,0,16.3,0,0
"155",2022-05-16,"06",5,16,2022,20,2,"Mon","No Holiday",58.5,0.08,0,16.3,0,0
"156",2022-05-16,"07",5,16,2022,20,2,"Mon","No Holiday",58.5,0.08,0,16.3,0,0
"157",2022-05-16,"08",5,16,2022,20,2,"Mon","No Holiday",58.5,0.08,0,16.3,0,0
"158",2022-05-16,"09",5,16,2022,20,2,"Mon","No Holiday",58.5,0.08,0,16.3,0,0
"159",2022-05-16,"10",5,16,2022,20,2,"Mon","No Holiday",58.5,0.08,0,16.3,0,0
"160",2022-05-16,"11",5,16,2022,20,2,"Mon","No Holiday",58.5,0.08,0,16.3,0,0
"161",2022-05-16,"12",5,16,2022,20,2,"Mon","No Holiday",58.5,0.08,0,16.3,0,0
"162",2022-05-16,"13",5,16,2022,20,2,"Mon","No Holiday",58.5,0.08,0,16.3,0,0
"163",2022-05-16,"14",5,16,2022,20,2,"Mon","No Holiday",58.5,0.08,0,16.3,0,0
"164",2022-05-16,"15",5,16,2022,20,2,"Mon","No Holiday",58.5,0.08,0,16.3,0,1
"165",2022-05-16,"16",5,16,2022,20,2,"Mon","No Holiday",58.5,0.08,0,16.3,0,1
"166",2022-05-16,"17",5,16,2022,20,2,"Mon","No Holiday",58.5,0.08,0,16.3,0,1
"167",2022-05-16,"18",5,16,2022,20,2,"Mon","No Holiday",58.5,0.08,0,16.3,0,1
"168",2022-05-16,"19",5,16,2022,20,2,"Mon","No Holiday",58.5,0.08,0,16.3,0,1
"169",2022-05-16,"20",5,16,2022,20,2,"Mon","No Holiday",58.5,0.08,0,16.3,0,1
"170",2022-05-16,"21",5,16,2022,20,2,"Mon","No Holiday",58.5,0.08,0,16.3,0,0
"171",2022-05-16,"22",5,16,2022,20,2,"Mon","No Holiday",58.5,0.08,0,16.3,0,0
"172",2022-05-16,"23",5,16,2022,20,2,"Mon","No Holiday",58.5,0.08,0,16.3,0,0
"173",2022-05-17,"00",5,17,2022,20,3,"Tue","No Holiday",48.9,0,0,13.9,0,0
"174",2022-05-17,"01",5,17,2022,20,3,"Tue","No Holiday",48.9,0,0,13.9,0,0
"175",2022-05-17,"02",5,17,2022,20,3,"Tue","No Holiday",48.9,0,0,13.9,0,0
"176",2022-05-17,"03",5,17,2022,20,3,"Tue","No Holiday",48.9,0,0,13.9,0,0
"177",2022-05-17,"04",5,17,2022,20,3,"Tue","No Holiday",48.9,0,0,13.9,0,0
"178",2022-05-17,"05",5,17,2022,20,3,"Tue","No Holiday",48.9,0,0,13.9,0,0
"179",2022-05-17,"06",5,17,2022,20,3,"Tue","No Holiday",48.9,0,0,13.9,0,0
"180",2022-05-17,"07",5,17,2022,20,3,"Tue","No Holiday",48.9,0,0,13.9,0,0
"181",2022-05-17,"08",5,17,2022,20,3,"Tue","No Holiday",48.9,0,0,13.9,0,0
"182",2022-05-17,"09",5,17,2022,20,3,"Tue","No Holiday",48.9,0,0,13.9,0,0
"183",2022-05-17,"10",5,17,2022,20,3,"Tue","No Holiday",48.9,0,0,13.9,0,0
"184",2022-05-17,"11",5,17,2022,20,3,"Tue","No Holiday",48.9,0,0,13.9,0,0
"185",2022-05-17,"12",5,17,2022,20,3,"Tue","No Holiday",48.9,0,0,13.9,0,0
"186",2022-05-17,"13",5,17,2022,20,3,"Tue","No Holiday",48.9,0,0,13.9,0,0
"187",2022-05-17,"14",5,17,2022,20,3,"Tue","No Holiday",48.9,0,0,13.9,0,0
"188",2022-05-17,"15",5,17,2022,20,3,"Tue","No Holiday",48.9,0,0,13.9,0,1
"189",2022-05-17,"16",5,17,2022,20,3,"Tue","No Holiday",48.9,0,0,13.9,0,1
"190",2022-05-17,"17",5,17,2022,20,3,"Tue","No Holiday",48.9,0,0,13.9,0,1
"191",2022-05-17,"18",5,17,2022,20,3,"Tue","No Holiday",48.9,0,0,13.9,0,1
"192",2022-05-17,"19",5,17,2022,20,3,"Tue","No Holiday",48.9,0,0,13.9,0,1
"193",2022-05-17,"20",5,17,2022,20,3,"Tue","No Holiday",48.9,0,0,13.9,0,1
"194",2022-05-17,"21",5,17,2022,20,3,"Tue","No Holiday",48.9,0,0,13.9,0,0
"195",2022-05-17,"22",5,17,2022,20,3,"Tue","No Holiday",48.9,0,0,13.9,0,0
"196",2022-05-17,"23",5,17,2022,20,3,"Tue","No Holiday",48.9,0,0,13.9,0,0
"197",2022-05-18,"00",5,18,2022,20,4,"Wed","No Holiday",45.4,0,0,12.3,0,0
"198",2022-05-18,"01",5,18,2022,20,4,"Wed","No Holiday",45.4,0,0,12.3,0,0
"199",2022-05-18,"02",5,18,2022,20,4,"Wed","No Holiday",45.4,0,0,12.3,0,0
"200",2022-05-18,"03",5,18,2022,20,4,"Wed","No Holiday",45.4,0,0,12.3,0,0
"201",2022-05-18,"04",5,18,2022,20,4,"Wed","No Holiday",45.4,0,0,12.3,0,0
"202",2022-05-18,"05",5,18,2022,20,4,"Wed","No Holiday",45.4,0,0,12.3,0,0
"203",2022-05-18,"06",5,18,2022,20,4,"Wed","No Holiday",45.4,0,0,12.3,0,0
"204",2022-05-18,"07",5,18,2022,20,4,"Wed","No Holiday",45.4,0,0,12.3,0,0
"205",2022-05-18,"08",5,18,2022,20,4,"Wed","No Holiday",45.4,0,0,12.3,0,0
"206",2022-05-18,"09",5,18,2022,20,4,"Wed","No Holiday",45.4,0,0,12.3,0,0
"207",2022-05-18,"10",5,18,2022,20,4,"Wed","No Holiday",45.4,0,0,12.3,0,0
"208",2022-05-18,"11",5,18,2022,20,4,"Wed","No Holiday",45.4,0,0,12.3,0,0
"209",2022-05-18,"12",5,18,2022,20,4,"Wed","No Holiday",45.4,0,0,12.3,0,0
"210",2022-05-18,"13",5,18,2022,20,4,"Wed","No Holiday",45.4,0,0,12.3,0,0
"211",2022-05-18,"14",5,18,2022,20,4,"Wed","No Holiday",45.4,0,0,12.3,0,0
"212",2022-05-18,"15",5,18,2022,20,4,"Wed","No Holiday",45.4,0,0,12.3,0,1
"213",2022-05-18,"16",5,18,2022,20,4,"Wed","No Holiday",45.4,0,0,12.3,0,1
"214",2022-05-18,"17",5,18,2022,20,4,"Wed","No Holiday",45.4,0,0,12.3,0,1
"215",2022-05-18,"18",5,18,2022,20,4,"Wed","No Holiday",45.4,0,0,12.3,0,1
"216",2022-05-18,"19",5,18,2022,20,4,"Wed","No Holiday",45.4,0,0,12.3,0,1
"217",2022-05-18,"20",5,18,2022,20,4,"Wed","No Holiday",45.4,0,0,12.3,0,1
"218",2022-05-18,"21",5,18,2022,20,4,"Wed","No Holiday",45.4,0,0,12.3,0,0
"219",2022-05-18,"22",5,18,2022,20,4,"Wed","No Holiday",45.4,0,0,12.3,0,0
"220",2022-05-18,"23",5,18,2022,20,4,"Wed","No Holiday",45.4,0,0,12.3,0,0
"221",2022-05-19,"00",5,19,2022,20,5,"Thu","No Holiday",52.1,0,0,6.5,0,0
"222",2022-05-19,"01",5,19,2022,20,5,"Thu","No Holiday",52.1,0,0,6.5,0,0
"223",2022-05-19,"02",5,19,2022,20,5,"Thu","No Holiday",52.1,0,0,6.5,0,0
"224",2022-05-19,"03",5,19,2022,20,5,"Thu","No Holiday",52.1,0,0,6.5,0,0
"225",2022-05-19,"04",5,19,2022,20,5,"Thu","No Holiday",52.1,0,0,6.5,0,0
"226",2022-05-19,"05",5,19,2022,20,5,"Thu","No Holiday",52.1,0,0,6.5,0,0
"227",2022-05-19,"06",5,19,2022,20,5,"Thu","No Holiday",52.1,0,0,6.5,0,0
"228",2022-05-19,"07",5,19,2022,20,5,"Thu","No Holiday",52.1,0,0,6.5,0,0
"229",2022-05-19,"08",5,19,2022,20,5,"Thu","No Holiday",52.1,0,0,6.5,0,0
"230",2022-05-19,"09",5,19,2022,20,5,"Thu","No Holiday",52.1,0,0,6.5,0,0
"231",2022-05-19,"10",5,19,2022,20,5,"Thu","No Holiday",52.1,0,0,6.5,0,0
"232",2022-05-19,"11",5,19,2022,20,5,"Thu","No Holiday",52.1,0,0,6.5,0,0
"233",2022-05-19,"12",5,19,2022,20,5,"Thu","No Holiday",52.1,0,0,6.5,0,0
"234",2022-05-19,"13",5,19,2022,20,5,"Thu","No Holiday",52.1,0,0,6.5,0,0
"235",2022-05-19,"14",5,19,2022,20,5,"Thu","No Holiday",52.1,0,0,6.5,0,0
"236",2022-05-19,"15",5,19,2022,20,5,"Thu","No Holiday",52.1,0,0,6.5,0,1
"237",2022-05-19,"16",5,19,2022,20,5,"Thu","No Holiday",52.1,0,0,6.5,0,1
"238",2022-05-19,"17",5,19,2022,20,5,"Thu","No Holiday",52.1,0,0,6.5,0,1
"239",2022-05-19,"18",5,19,2022,20,5,"Thu","No Holiday",52.1,0,0,6.5,0,1
"240",2022-05-19,"19",5,19,2022,20,5,"Thu","No Holiday",52.1,0,0,6.5,0,1
"241",2022-05-19,"20",5,19,2022,20,5,"Thu","No Holiday",52.1,0,0,6.5,0,1
"242",2022-05-19,"21",5,19,2022,20,5,"Thu","No Holiday",52.1,0,0,6.5,0,0
"243",2022-05-19,"22",5,19,2022,20,5,"Thu","No Holiday",52.1,0,0,6.5,0,0
"244",2022-05-19,"23",5,19,2022,20,5,"Thu","No Holiday",52.1,0,0,6.5,0,0
"245",2022-05-20,"00",5,20,2022,20,6,"Fri","No Holiday",56.6,0.11,0,22.1,0,0
"246",2022-05-20,"01",5,20,2022,20,6,"Fri","No Holiday",56.6,0.11,0,22.1,0,0
"247",2022-05-20,"02",5,20,2022,20,6,"Fri","No Holiday",56.6,0.11,0,22.1,0,0
"248",2022-05-20,"03",5,20,2022,20,6,"Fri","No Holiday",56.6,0.11,0,22.1,0,0
"249",2022-05-20,"04",5,20,2022,20,6,"Fri","No Holiday",56.6,0.11,0,22.1,0,0
"250",2022-05-20,"05",5,20,2022,20,6,"Fri","No Holiday",56.6,0.11,0,22.1,0,0
"251",2022-05-20,"06",5,20,2022,20,6,"Fri","No Holiday",56.6,0.11,0,22.1,0,0
"252",2022-05-20,"07",5,20,2022,20,6,"Fri","No Holiday",56.6,0.11,0,22.1,0,0
"253",2022-05-20,"08",5,20,2022,20,6,"Fri","No Holiday",56.6,0.11,0,22.1,0,0
"254",2022-05-20,"09",5,20,2022,20,6,"Fri","No Holiday",56.6,0.11,0,22.1,0,0
"255",2022-05-20,"10",5,20,2022,20,6,"Fri","No Holiday",56.6,0.11,0,22.1,0,0
"256",2022-05-20,"11",5,20,2022,20,6,"Fri","No Holiday",56.6,0.11,0,22.1,0,0
"257",2022-05-20,"12",5,20,2022,20,6,"Fri","No Holiday",56.6,0.11,0,22.1,0,0
"258",2022-05-20,"13",5,20,2022,20,6,"Fri","No Holiday",56.6,0.11,0,22.1,0,0
"259",2022-05-20,"14",5,20,2022,20,6,"Fri","No Holiday",56.6,0.11,0,22.1,0,0
"260",2022-05-20,"15",5,20,2022,20,6,"Fri","No Holiday",56.6,0.11,0,22.1,0,1
"261",2022-05-20,"16",5,20,2022,20,6,"Fri","No Holiday",56.6,0.11,0,22.1,0,1
"262",2022-05-20,"17",5,20,2022,20,6,"Fri","No Holiday",56.6,0.11,0,22.1,0,1
"263",2022-05-20,"18",5,20,2022,20,6,"Fri","No Holiday",56.6,0.11,0,22.1,0,1
"264",2022-05-20,"19",5,20,2022,20,6,"Fri","No Holiday",56.6,0.11,0,22.1,0,1
"265",2022-05-20,"20",5,20,2022,20,6,"Fri","No Holiday",56.6,0.11,0,22.1,0,1
"266",2022-05-20,"21",5,20,2022,20,6,"Fri","No Holiday",56.6,0.11,0,22.1,0,0
"267",2022-05-20,"22",5,20,2022,20,6,"Fri","No Holiday",56.6,0.11,0,22.1,0,0
"268",2022-05-20,"23",5,20,2022,20,6,"Fri","No Holiday",56.6,0.11,0,22.1,0,0
"269",2022-05-21,"00",5,21,2022,21,7,"Sat","No Holiday",59.7,1.03,0,21.8,0,0
"270",2022-05-21,"01",5,21,2022,21,7,"Sat","No Holiday",59.7,1.03,0,21.8,0,0
"271",2022-05-21,"02",5,21,2022,21,7,"Sat","No Holiday",59.7,1.03,0,21.8,0,0
"272",2022-05-21,"03",5,21,2022,21,7,"Sat","No Holiday",59.7,1.03,0,21.8,0,0
"273",2022-05-21,"04",5,21,2022,21,7,"Sat","No Holiday",59.7,1.03,0,21.8,0,0
"274",2022-05-21,"05",5,21,2022,21,7,"Sat","No Holiday",59.7,1.03,0,21.8,0,0
"275",2022-05-21,"06",5,21,2022,21,7,"Sat","No Holiday",59.7,1.03,0,21.8,0,0
"276",2022-05-21,"07",5,21,2022,21,7,"Sat","No Holiday",59.7,1.03,0,21.8,0,0
"277",2022-05-21,"08",5,21,2022,21,7,"Sat","No Holiday",59.7,1.03,0,21.8,0,0
"278",2022-05-21,"09",5,21,2022,21,7,"Sat","No Holiday",59.7,1.03,0,21.8,0,0
"279",2022-05-21,"10",5,21,2022,21,7,"Sat","No Holiday",59.7,1.03,0,21.8,0,0
"280",2022-05-21,"11",5,21,2022,21,7,"Sat","No Holiday",59.7,1.03,0,21.8,0,0
"281",2022-05-21,"12",5,21,2022,21,7,"Sat","No Holiday",59.7,1.03,0,21.8,0,0
"282",2022-05-21,"13",5,21,2022,21,7,"Sat","No Holiday",59.7,1.03,0,21.8,0,0
"283",2022-05-21,"14",5,21,2022,21,7,"Sat","No Holiday",59.7,1.03,0,21.8,0,0
"284",2022-05-21,"15",5,21,2022,21,7,"Sat","No Holiday",59.7,1.03,0,21.8,0,1
"285",2022-05-21,"16",5,21,2022,21,7,"Sat","No Holiday",59.7,1.03,0,21.8,0,1
"286",2022-05-21,"17",5,21,2022,21,7,"Sat","No Holiday",59.7,1.03,0,21.8,0,1
"287",2022-05-21,"18",5,21,2022,21,7,"Sat","No Holiday",59.7,1.03,0,21.8,0,1
"288",2022-05-21,"19",5,21,2022,21,7,"Sat","No Holiday",59.7,1.03,0,21.8,0,1
"289",2022-05-21,"20",5,21,2022,21,7,"Sat","No Holiday",59.7,1.03,0,21.8,0,1
"290",2022-05-21,"21",5,21,2022,21,7,"Sat","No Holiday",59.7,1.03,0,21.8,0,0
"291",2022-05-21,"22",5,21,2022,21,7,"Sat","No Holiday",59.7,1.03,0,21.8,0,0
"292",2022-05-21,"23",5,21,2022,21,7,"Sat","No Holiday",59.7,1.03,0,21.8,0,0
"293",2022-05-22,"00",5,22,2022,21,1,"Sun","No Holiday",57.7,0.28,0,16.8,0,0
"294",2022-05-22,"01",5,22,2022,21,1,"Sun","No Holiday",57.7,0.28,0,16.8,0,0
"295",2022-05-22,"02",5,22,2022,21,1,"Sun","No Holiday",57.7,0.28,0,16.8,0,0
"296",2022-05-22,"03",5,22,2022,21,1,"Sun","No Holiday",57.7,0.28,0,16.8,0,0
"297",2022-05-22,"04",5,22,2022,21,1,"Sun","No Holiday",57.7,0.28,0,16.8,0,0
"298",2022-05-22,"05",5,22,2022,21,1,"Sun","No Holiday",57.7,0.28,0,16.8,0,0
"299",2022-05-22,"06",5,22,2022,21,1,"Sun","No Holiday",57.7,0.28,0,16.8,0,0
"300",2022-05-22,"07",5,22,2022,21,1,"Sun","No Holiday",57.7,0.28,0,16.8,0,0
"301",2022-05-22,"08",5,22,2022,21,1,"Sun","No Holiday",57.7,0.28,0,16.8,0,0
"302",2022-05-22,"09",5,22,2022,21,1,"Sun","No Holiday",57.7,0.28,0,16.8,0,0
"303",2022-05-22,"10",5,22,2022,21,1,"Sun","No Holiday",57.7,0.28,0,16.8,0,0
"304",2022-05-22,"11",5,22,2022,21,1,"Sun","No Holiday",57.7,0.28,0,16.8,0,0
"305",2022-05-22,"12",5,22,2022,21,1,"Sun","No Holiday",57.7,0.28,0,16.8,0,0
"306",2022-05-22,"13",5,22,2022,21,1,"Sun","No Holiday",57.7,0.28,0,16.8,0,0
"307",2022-05-22,"14",5,22,2022,21,1,"Sun","No Holiday",57.7,0.28,0,16.8,0,0
"308",2022-05-22,"15",5,22,2022,21,1,"Sun","No Holiday",57.7,0.28,0,16.8,0,1
"309",2022-05-22,"16",5,22,2022,21,1,"Sun","No Holiday",57.7,0.28,0,16.8,0,1
"310",2022-05-22,"17",5,22,2022,21,1,"Sun","No Holiday",57.7,0.28,0,16.8,0,1
"311",2022-05-22,"18",5,22,2022,21,1,"Sun","No Holiday",57.7,0.28,0,16.8,0,1
"312",2022-05-22,"19",5,22,2022,21,1,"Sun","No Holiday",57.7,0.28,0,16.8,0,1
"313",2022-05-22,"20",5,22,2022,21,1,"Sun","No Holiday",57.7,0.28,0,16.8,0,1
"314",2022-05-22,"21",5,22,2022,21,1,"Sun","No Holiday",57.7,0.28,0,16.8,0,0
"315",2022-05-22,"22",5,22,2022,21,1,"Sun","No Holiday",57.7,0.28,0,16.8,0,0
"316",2022-05-22,"23",5,22,2022,21,1,"Sun","No Holiday",57.7,0.28,0,16.8,0,0
"317",2022-05-23,"00",5,23,2022,21,2,"Mon","No Holiday",45.1,0.05,0,10.3,0,0
"318",2022-05-23,"01",5,23,2022,21,2,"Mon","No Holiday",45.1,0.05,0,10.3,0,0
"319",2022-05-23,"02",5,23,2022,21,2,"Mon","No Holiday",45.1,0.05,0,10.3,0,0
"320",2022-05-23,"03",5,23,2022,21,2,"Mon","No Holiday",45.1,0.05,0,10.3,0,0
"321",2022-05-23,"04",5,23,2022,21,2,"Mon","No Holiday",45.1,0.05,0,10.3,0,0
"322",2022-05-23,"05",5,23,2022,21,2,"Mon","No Holiday",45.1,0.05,0,10.3,0,0
"323",2022-05-23,"06",5,23,2022,21,2,"Mon","No Holiday",45.1,0.05,0,10.3,0,0
"324",2022-05-23,"07",5,23,2022,21,2,"Mon","No Holiday",45.1,0.05,0,10.3,0,0
"325",2022-05-23,"08",5,23,2022,21,2,"Mon","No Holiday",45.1,0.05,0,10.3,0,0
"326",2022-05-23,"09",5,23,2022,21,2,"Mon","No Holiday",45.1,0.05,0,10.3,0,0
"327",2022-05-23,"10",5,23,2022,21,2,"Mon","No Holiday",45.1,0.05,0,10.3,0,0
"328",2022-05-23,"11",5,23,2022,21,2,"Mon","No Holiday",45.1,0.05,0,10.3,0,0
"329",2022-05-23,"12",5,23,2022,21,2,"Mon","No Holiday",45.1,0.05,0,10.3,0,0
"330",2022-05-23,"13",5,23,2022,21,2,"Mon","No Holiday",45.1,0.05,0,10.3,0,0
"331",2022-05-23,"14",5,23,2022,21,2,"Mon","No Holiday",45.1,0.05,0,10.3,0,0
"332",2022-05-23,"15",5,23,2022,21,2,"Mon","No Holiday",45.1,0.05,0,10.3,0,1
"333",2022-05-23,"16",5,23,2022,21,2,"Mon","No Holiday",45.1,0.05,0,10.3,0,1
"334",2022-05-23,"17",5,23,2022,21,2,"Mon","No Holiday",45.1,0.05,0,10.3,0,1
"335",2022-05-23,"18",5,23,2022,21,2,"Mon","No Holiday",45.1,0.05,0,10.3,0,1
"336",2022-05-23,"19",5,23,2022,21,2,"Mon","No Holiday",45.1,0.05,0,10.3,0,1
"337",2022-05-23,"20",5,23,2022,21,2,"Mon","No Holiday",45.1,0.05,0,10.3,0,1
"338",2022-05-23,"21",5,23,2022,21,2,"Mon","No Holiday",45.1,0.05,0,10.3,0,0
"339",2022-05-23,"22",5,23,2022,21,2,"Mon","No Holiday",45.1,0.05,0,10.3,0,0
"340",2022-05-23,"23",5,23,2022,21,2,"Mon","No Holiday",45.1,0.05,0,10.3,0,0
"341",2022-05-24,"00",5,24,2022,21,3,"Tue","No Holiday",46,0,0,8.9,0,0
"342",2022-05-24,"01",5,24,2022,21,3,"Tue","No Holiday",46,0,0,8.9,0,0
"343",2022-05-24,"02",5,24,2022,21,3,"Tue","No Holiday",46,0,0,8.9,0,0
"344",2022-05-24,"03",5,24,2022,21,3,"Tue","No Holiday",46,0,0,8.9,0,0
"345",2022-05-24,"04",5,24,2022,21,3,"Tue","No Holiday",46,0,0,8.9,0,0
"346",2022-05-24,"05",5,24,2022,21,3,"Tue","No Holiday",46,0,0,8.9,0,0
"347",2022-05-24,"06",5,24,2022,21,3,"Tue","No Holiday",46,0,0,8.9,0,0
"348",2022-05-24,"07",5,24,2022,21,3,"Tue","No Holiday",46,0,0,8.9,0,0
"349",2022-05-24,"08",5,24,2022,21,3,"Tue","No Holiday",46,0,0,8.9,0,0
"350",2022-05-24,"09",5,24,2022,21,3,"Tue","No Holiday",46,0,0,8.9,0,0
"351",2022-05-24,"10",5,24,2022,21,3,"Tue","No Holiday",46,0,0,8.9,0,0
"352",2022-05-24,"11",5,24,2022,21,3,"Tue","No Holiday",46,0,0,8.9,0,0
"353",2022-05-24,"12",5,24,2022,21,3,"Tue","No Holiday",46,0,0,8.9,0,0
"354",2022-05-24,"13",5,24,2022,21,3,"Tue","No Holiday",46,0,0,8.9,0,0
"355",2022-05-24,"14",5,24,2022,21,3,"Tue","No Holiday",46,0,0,8.9,0,0
"356",2022-05-24,"15",5,24,2022,21,3,"Tue","No Holiday",46,0,0,8.9,0,1
"357",2022-05-24,"16",5,24,2022,21,3,"Tue","No Holiday",46,0,0,8.9,0,1
"358",2022-05-24,"17",5,24,2022,21,3,"Tue","No Holiday",46,0,0,8.9,0,1
"359",2022-05-24,"18",5,24,2022,21,3,"Tue","No Holiday",46,0,0,8.9,0,1
"360",2022-05-24,"19",5,24,2022,21,3,"Tue","No Holiday",46,0,0,8.9,0,1
"361",2022-05-24,"20",5,24,2022,21,3,"Tue","No Holiday",46,0,0,8.9,0,1
"362",2022-05-24,"21",5,24,2022,21,3,"Tue","No Holiday",46,0,0,8.9,0,0
"363",2022-05-24,"22",5,24,2022,21,3,"Tue","No Holiday",46,0,0,8.9,0,0
"364",2022-05-24,"23",5,24,2022,21,3,"Tue","No Holiday",46,0,0,8.9,0,0
"365",2022-05-25,"00",5,25,2022,21,4,"Wed","No Holiday",58,0.06,0,10.7,0,0
"366",2022-05-25,"01",5,25,2022,21,4,"Wed","No Holiday",58,0.06,0,10.7,0,0
"367",2022-05-25,"02",5,25,2022,21,4,"Wed","No Holiday",58,0.06,0,10.7,0,0
"368",2022-05-25,"03",5,25,2022,21,4,"Wed","No Holiday",58,0.06,0,10.7,0,0
"369",2022-05-25,"04",5,25,2022,21,4,"Wed","No Holiday",58,0.06,0,10.7,0,0
"370",2022-05-25,"05",5,25,2022,21,4,"Wed","No Holiday",58,0.06,0,10.7,0,0
"371",2022-05-25,"06",5,25,2022,21,4,"Wed","No Holiday",58,0.06,0,10.7,0,0
"372",2022-05-25,"07",5,25,2022,21,4,"Wed","No Holiday",58,0.06,0,10.7,0,0
"373",2022-05-25,"08",5,25,2022,21,4,"Wed","No Holiday",58,0.06,0,10.7,0,0
"374",2022-05-25,"09",5,25,2022,21,4,"Wed","No Holiday",58,0.06,0,10.7,0,0
"375",2022-05-25,"10",5,25,2022,21,4,"Wed","No Holiday",58,0.06,0,10.7,0,0
"376",2022-05-25,"11",5,25,2022,21,4,"Wed","No Holiday",58,0.06,0,10.7,0,0
"377",2022-05-25,"12",5,25,2022,21,4,"Wed","No Holiday",58,0.06,0,10.7,0,0
"378",2022-05-25,"13",5,25,2022,21,4,"Wed","No Holiday",58,0.06,0,10.7,0,0
"379",2022-05-25,"14",5,25,2022,21,4,"Wed","No Holiday",58,0.06,0,10.7,0,0
"380",2022-05-25,"15",5,25,2022,21,4,"Wed","No Holiday",58,0.06,0,10.7,0,1
"381",2022-05-25,"16",5,25,2022,21,4,"Wed","No Holiday",58,0.06,0,10.7,0,1
"382",2022-05-25,"17",5,25,2022,21,4,"Wed","No Holiday",58,0.06,0,10.7,0,1
"383",2022-05-25,"18",5,25,2022,21,4,"Wed","No Holiday",58,0.06,0,10.7,0,1
"384",2022-05-25,"19",5,25,2022,21,4,"Wed","No Holiday",58,0.06,0,10.7,0,1
"385",2022-05-25,"20",5,25,2022,21,4,"Wed","No Holiday",58,0.06,0,10.7,0,1
"386",2022-05-25,"21",5,25,2022,21,4,"Wed","No Holiday",58,0.06,0,10.7,0,0
"387",2022-05-25,"22",5,25,2022,21,4,"Wed","No Holiday",58,0.06,0,10.7,0,0
"388",2022-05-25,"23",5,25,2022,21,4,"Wed","No Holiday",58,0.06,0,10.7,0,0
"389",2022-05-26,"00",5,26,2022,21,5,"Thu","No Holiday",59.8,0.04,0,11.2,0,0
"390",2022-05-26,"01",5,26,2022,21,5,"Thu","No Holiday",59.8,0.04,0,11.2,0,0
"391",2022-05-26,"02",5,26,2022,21,5,"Thu","No Holiday",59.8,0.04,0,11.2,0,0
"392",2022-05-26,"03",5,26,2022,21,5,"Thu","No Holiday",59.8,0.04,0,11.2,0,0
"393",2022-05-26,"04",5,26,2022,21,5,"Thu","No Holiday",59.8,0.04,0,11.2,0,0
"394",2022-05-26,"05",5,26,2022,21,5,"Thu","No Holiday",59.8,0.04,0,11.2,0,0
"395",2022-05-26,"06",5,26,2022,21,5,"Thu","No Holiday",59.8,0.04,0,11.2,0,0
"396",2022-05-26,"07",5,26,2022,21,5,"Thu","No Holiday",59.8,0.04,0,11.2,0,0
"397",2022-05-26,"08",5,26,2022,21,5,"Thu","No Holiday",59.8,0.04,0,11.2,0,0
"398",2022-05-26,"09",5,26,2022,21,5,"Thu","No Holiday",59.8,0.04,0,11.2,0,0
"399",2022-05-26,"10",5,26,2022,21,5,"Thu","No Holiday",59.8,0.04,0,11.2,0,0
"400",2022-05-26,"11",5,26,2022,21,5,"Thu","No Holiday",59.8,0.04,0,11.2,0,0
"401",2022-05-26,"12",5,26,2022,21,5,"Thu","No Holiday",59.8,0.04,0,11.2,0,0
"402",2022-05-26,"13",5,26,2022,21,5,"Thu","No Holiday",59.8,0.04,0,11.2,0,0
"403",2022-05-26,"14",5,26,2022,21,5,"Thu","No Holiday",59.8,0.04,0,11.2,0,0
"404",2022-05-26,"15",5,26,2022,21,5,"Thu","No Holiday",59.8,0.04,0,11.2,0,1
"405",2022-05-26,"16",5,26,2022,21,5,"Thu","No Holiday",59.8,0.04,0,11.2,0,1
"406",2022-05-26,"17",5,26,2022,21,5,"Thu","No Holiday",59.8,0.04,0,11.2,0,1
"407",2022-05-26,"18",5,26,2022,21,5,"Thu","No Holiday",59.8,0.04,0,11.2,0,1
"408",2022-05-26,"19",5,26,2022,21,5,"Thu","No Holiday",59.8,0.04,0,11.2,0,1
"409",2022-05-26,"20",5,26,2022,21,5,"Thu","No Holiday",59.8,0.04,0,11.2,0,1
"410",2022-05-26,"21",5,26,2022,21,5,"Thu","No Holiday",59.8,0.04,0,11.2,0,0
"411",2022-05-26,"22",5,26,2022,21,5,"Thu","No Holiday",59.8,0.04,0,11.2,0,0
"412",2022-05-26,"23",5,26,2022,21,5,"Thu","No Holiday",59.8,0.04,0,11.2,0,0
"413",2022-05-27,"00",5,27,2022,21,6,"Fri","No Holiday",60,0.06,0,8.5,0,0
"414",2022-05-27,"01",5,27,2022,21,6,"Fri","No Holiday",60,0.06,0,8.5,0,0
"415",2022-05-27,"02",5,27,2022,21,6,"Fri","No Holiday",60,0.06,0,8.5,0,0
"416",2022-05-27,"03",5,27,2022,21,6,"Fri","No Holiday",60,0.06,0,8.5,0,0
"417",2022-05-27,"04",5,27,2022,21,6,"Fri","No Holiday",60,0.06,0,8.5,0,0
"418",2022-05-27,"05",5,27,2022,21,6,"Fri","No Holiday",60,0.06,0,8.5,0,0
"419",2022-05-27,"06",5,27,2022,21,6,"Fri","No Holiday",60,0.06,0,8.5,0,0
"420",2022-05-27,"07",5,27,2022,21,6,"Fri","No Holiday",60,0.06,0,8.5,0,0
"421",2022-05-27,"08",5,27,2022,21,6,"Fri","No Holiday",60,0.06,0,8.5,0,0
"422",2022-05-27,"09",5,27,2022,21,6,"Fri","No Holiday",60,0.06,0,8.5,0,0
"423",2022-05-27,"10",5,27,2022,21,6,"Fri","No Holiday",60,0.06,0,8.5,0,0
"424",2022-05-27,"11",5,27,2022,21,6,"Fri","No Holiday",60,0.06,0,8.5,0,0
"425",2022-05-27,"12",5,27,2022,21,6,"Fri","No Holiday",60,0.06,0,8.5,0,0
"426",2022-05-27,"13",5,27,2022,21,6,"Fri","No Holiday",60,0.06,0,8.5,0,0
"427",2022-05-27,"14",5,27,2022,21,6,"Fri","No Holiday",60,0.06,0,8.5,0,0
"428",2022-05-27,"15",5,27,2022,21,6,"Fri","No Holiday",60,0.06,0,8.5,0,1
"429",2022-05-27,"16",5,27,2022,21,6,"Fri","No Holiday",60,0.06,0,8.5,0,1
"430",2022-05-27,"17",5,27,2022,21,6,"Fri","No Holiday",60,0.06,0,8.5,0,1
"431",2022-05-27,"18",5,27,2022,21,6,"Fri","No Holiday",60,0.06,0,8.5,0,1
"432",2022-05-27,"19",5,27,2022,21,6,"Fri","No Holiday",60,0.06,0,8.5,0,1
"433",2022-05-27,"20",5,27,2022,21,6,"Fri","No Holiday",60,0.06,0,8.5,0,1
"434",2022-05-27,"21",5,27,2022,21,6,"Fri","No Holiday",60,0.06,0,8.5,0,0
"435",2022-05-27,"22",5,27,2022,21,6,"Fri","No Holiday",60,0.06,0,8.5,0,0
"436",2022-05-27,"23",5,27,2022,21,6,"Fri","No Holiday",60,0.06,0,8.5,0,0
"437",2022-05-28,"00",5,28,2022,22,7,"Sat","No Holiday",60,0.13,0,10.3,0,0
"438",2022-05-28,"01",5,28,2022,22,7,"Sat","No Holiday",60,0.13,0,10.3,0,0
"439",2022-05-28,"02",5,28,2022,22,7,"Sat","No Holiday",60,0.13,0,10.3,0,0
"440",2022-05-28,"03",5,28,2022,22,7,"Sat","No Holiday",60,0.13,0,10.3,0,0
"441",2022-05-28,"04",5,28,2022,22,7,"Sat","No Holiday",60,0.13,0,10.3,0,0
"442",2022-05-28,"05",5,28,2022,22,7,"Sat","No Holiday",60,0.13,0,10.3,0,0
"443",2022-05-28,"06",5,28,2022,22,7,"Sat","No Holiday",60,0.13,0,10.3,0,0
"444",2022-05-28,"07",5,28,2022,22,7,"Sat","No Holiday",60,0.13,0,10.3,0,0
"445",2022-05-28,"08",5,28,2022,22,7,"Sat","No Holiday",60,0.13,0,10.3,0,0
"446",2022-05-28,"09",5,28,2022,22,7,"Sat","No Holiday",60,0.13,0,10.3,0,0
"447",2022-05-28,"10",5,28,2022,22,7,"Sat","No Holiday",60,0.13,0,10.3,0,0
"448",2022-05-28,"11",5,28,2022,22,7,"Sat","No Holiday",60,0.13,0,10.3,0,0
"449",2022-05-28,"12",5,28,2022,22,7,"Sat","No Holiday",60,0.13,0,10.3,0,0
"450",2022-05-28,"13",5,28,2022,22,7,"Sat","No Holiday",60,0.13,0,10.3,0,0
"451",2022-05-28,"14",5,28,2022,22,7,"Sat","No Holiday",60,0.13,0,10.3,0,0
"452",2022-05-28,"15",5,28,2022,22,7,"Sat","No Holiday",60,0.13,0,10.3,0,1
"453",2022-05-28,"16",5,28,2022,22,7,"Sat","No Holiday",60,0.13,0,10.3,0,1
"454",2022-05-28,"17",5,28,2022,22,7,"Sat","No Holiday",60,0.13,0,10.3,0,1
"455",2022-05-28,"18",5,28,2022,22,7,"Sat","No Holiday",60,0.13,0,10.3,0,1
"456",2022-05-28,"19",5,28,2022,22,7,"Sat","No Holiday",60,0.13,0,10.3,0,1
"457",2022-05-28,"20",5,28,2022,22,7,"Sat","No Holiday",60,0.13,0,10.3,0,1
"458",2022-05-28,"21",5,28,2022,22,7,"Sat","No Holiday",60,0.13,0,10.3,0,0
"459",2022-05-28,"22",5,28,2022,22,7,"Sat","No Holiday",60,0.13,0,10.3,0,0
"460",2022-05-28,"23",5,28,2022,22,7,"Sat","No Holiday",60,0.13,0,10.3,0,0
"461",2022-05-29,"00",5,29,2022,22,1,"Sun","No Holiday",60.5,0.06,0,9.8,0,0
"462",2022-05-29,"01",5,29,2022,22,1,"Sun","No Holiday",60.5,0.06,0,9.8,0,0
"463",2022-05-29,"02",5,29,2022,22,1,"Sun","No Holiday",60.5,0.06,0,9.8,0,0
"464",2022-05-29,"03",5,29,2022,22,1,"Sun","No Holiday",60.5,0.06,0,9.8,0,0
"465",2022-05-29,"04",5,29,2022,22,1,"Sun","No Holiday",60.5,0.06,0,9.8,0,0
"466",2022-05-29,"05",5,29,2022,22,1,"Sun","No Holiday",60.5,0.06,0,9.8,0,0
"467",2022-05-29,"06",5,29,2022,22,1,"Sun","No Holiday",60.5,0.06,0,9.8,0,0
"468",2022-05-29,"07",5,29,2022,22,1,"Sun","No Holiday",60.5,0.06,0,9.8,0,0
"469",2022-05-29,"08",5,29,2022,22,1,"Sun","No Holiday",60.5,0.06,0,9.8,0,0
"470",2022-05-29,"09",5,29,2022,22,1,"Sun","No Holiday",60.5,0.06,0,9.8,0,0
"471",2022-05-29,"10",5,29,2022,22,1,"Sun","No Holiday",60.5,0.06,0,9.8,0,0
"472",2022-05-29,"11",5,29,2022,22,1,"Sun","No Holiday",60.5,0.06,0,9.8,0,0
"473",2022-05-29,"12",5,29,2022,22,1,"Sun","No Holiday",60.5,0.06,0,9.8,0,0
"474",2022-05-29,"13",5,29,2022,22,1,"Sun","No Holiday",60.5,0.06,0,9.8,0,0
"475",2022-05-29,"14",5,29,2022,22,1,"Sun","No Holiday",60.5,0.06,0,9.8,0,0
"476",2022-05-29,"15",5,29,2022,22,1,"Sun","No Holiday",60.5,0.06,0,9.8,0,1
"477",2022-05-29,"16",5,29,2022,22,1,"Sun","No Holiday",60.5,0.06,0,9.8,0,1
"478",2022-05-29,"17",5,29,2022,22,1,"Sun","No Holiday",60.5,0.06,0,9.8,0,1
"479",2022-05-29,"18",5,29,2022,22,1,"Sun","No Holiday",60.5,0.06,0,9.8,0,1
"480",2022-05-29,"19",5,29,2022,22,1,"Sun","No Holiday",60.5,0.06,0,9.8,0,1
"481",2022-05-29,"20",5,29,2022,22,1,"Sun","No Holiday",60.5,0.06,0,9.8,0,1
"482",2022-05-29,"21",5,29,2022,22,1,"Sun","No Holiday",60.5,0.06,0,9.8,0,0
"483",2022-05-29,"22",5,29,2022,22,1,"Sun","No Holiday",60.5,0.06,0,9.8,0,0
"484",2022-05-29,"23",5,29,2022,22,1,"Sun","No Holiday",60.5,0.06,0,9.8,0,0
"485",2022-05-30,"00",5,30,2022,22,2,"Mon","Memorial Day",61.2,0.02,0,9.8,0,0
"486",2022-05-30,"01",5,30,2022,22,2,"Mon","Memorial Day",61.2,0.02,0,9.8,0,0
"487",2022-05-30,"02",5,30,2022,22,2,"Mon","Memorial Day",61.2,0.02,0,9.8,0,0
"488",2022-05-30,"03",5,30,2022,22,2,"Mon","Memorial Day",61.2,0.02,0,9.8,0,0
"489",2022-05-30,"04",5,30,2022,22,2,"Mon","Memorial Day",61.2,0.02,0,9.8,0,0
"490",2022-05-30,"05",5,30,2022,22,2,"Mon","Memorial Day",61.2,0.02,0,9.8,0,0
"491",2022-05-30,"06",5,30,2022,22,2,"Mon","Memorial Day",61.2,0.02,0,9.8,0,0
"492",2022-05-30,"07",5,30,2022,22,2,"Mon","Memorial Day",61.2,0.02,0,9.8,0,0
"493",2022-05-30,"08",5,30,2022,22,2,"Mon","Memorial Day",61.2,0.02,0,9.8,0,0
"494",2022-05-30,"09",5,30,2022,22,2,"Mon","Memorial Day",61.2,0.02,0,9.8,0,0
"495",2022-05-30,"10",5,30,2022,22,2,"Mon","Memorial Day",61.2,0.02,0,9.8,0,0
"496",2022-05-30,"11",5,30,2022,22,2,"Mon","Memorial Day",61.2,0.02,0,9.8,0,0
"497",2022-05-30,"12",5,30,2022,22,2,"Mon","Memorial Day",61.2,0.02,0,9.8,0,0
"498",2022-05-30,"13",5,30,2022,22,2,"Mon","Memorial Day",61.2,0.02,0,9.8,0,0
"499",2022-05-30,"14",5,30,2022,22,2,"Mon","Memorial Day",61.2,0.02,0,9.8,0,0
"500",2022-05-30,"15",5,30,2022,22,2,"Mon","Memorial Day",61.2,0.02,0,9.8,0,1
"501",2022-05-30,"16",5,30,2022,22,2,"Mon","Memorial Day",61.2,0.02,0,9.8,0,1
"502",2022-05-30,"17",5,30,2022,22,2,"Mon","Memorial Day",61.2,0.02,0,9.8,0,1
"503",2022-05-30,"18",5,30,2022,22,2,"Mon","Memorial Day",61.2,0.02,0,9.8,0,1
"504",2022-05-30,"19",5,30,2022,22,2,"Mon","Memorial Day",61.2,0.02,0,9.8,0,1
"505",2022-05-30,"20",5,30,2022,22,2,"Mon","Memorial Day",61.2,0.02,0,9.8,0,1
"506",2022-05-30,"21",5,30,2022,22,2,"Mon","Memorial Day",61.2,0.02,0,9.8,0,0
"507",2022-05-30,"22",5,30,2022,22,2,"Mon","Memorial Day",61.2,0.02,0,9.8,0,0
"508",2022-05-30,"23",5,30,2022,22,2,"Mon","Memorial Day",61.2,0.02,0,9.8,0,0
"509",2022-05-31,"00",5,31,2022,22,3,"Tue","No Holiday",60.9,0.11,0,10.5,0,0
"510",2022-05-31,"01",5,31,2022,22,3,"Tue","No Holiday",60.9,0.11,0,10.5,0,0
"511",2022-05-31,"02",5,31,2022,22,3,"Tue","No Holiday",60.9,0.11,0,10.5,0,0
"512",2022-05-31,"03",5,31,2022,22,3,"Tue","No Holiday",60.9,0.11,0,10.5,0,0
"513",2022-05-31,"04",5,31,2022,22,3,"Tue","No Holiday",60.9,0.11,0,10.5,0,0
"514",2022-05-31,"05",5,31,2022,22,3,"Tue","No Holiday",60.9,0.11,0,10.5,0,0
"515",2022-05-31,"06",5,31,2022,22,3,"Tue","No Holiday",60.9,0.11,0,10.5,0,0
"516",2022-05-31,"07",5,31,2022,22,3,"Tue","No Holiday",60.9,0.11,0,10.5,0,0
"517",2022-05-31,"08",5,31,2022,22,3,"Tue","No Holiday",60.9,0.11,0,10.5,0,0
"518",2022-05-31,"09",5,31,2022,22,3,"Tue","No Holiday",60.9,0.11,0,10.5,0,0
"519",2022-05-31,"10",5,31,2022,22,3,"Tue","No Holiday",60.9,0.11,0,10.5,0,0
"520",2022-05-31,"11",5,31,2022,22,3,"Tue","No Holiday",60.9,0.11,0,10.5,0,0
"521",2022-05-31,"12",5,31,2022,22,3,"Tue","No Holiday",60.9,0.11,0,10.5,0,0
"522",2022-05-31,"13",5,31,2022,22,3,"Tue","No Holiday",60.9,0.11,0,10.5,0,0
"523",2022-05-31,"14",5,31,2022,22,3,"Tue","No Holiday",60.9,0.11,0,10.5,0,0
"524",2022-05-31,"15",5,31,2022,22,3,"Tue","No Holiday",60.9,0.11,0,10.5,0,1
"525",2022-05-31,"16",5,31,2022,22,3,"Tue","No Holiday",60.9,0.11,0,10.5,0,1
"526",2022-05-31,"17",5,31,2022,22,3,"Tue","No Holiday",60.9,0.11,0,10.5,0,1
"527",2022-05-31,"18",5,31,2022,22,3,"Tue","No Holiday",60.9,0.11,0,10.5,0,1
"528",2022-05-31,"19",5,31,2022,22,3,"Tue","No Holiday",60.9,0.11,0,10.5,0,1
"529",2022-05-31,"20",5,31,2022,22,3,"Tue","No Holiday",60.9,0.11,0,10.5,0,1
"530",2022-05-31,"21",5,31,2022,22,3,"Tue","No Holiday",60.9,0.11,0,10.5,0,0
"531",2022-05-31,"22",5,31,2022,22,3,"Tue","No Holiday",60.9,0.11,0,10.5,0,0
"532",2022-05-31,"23",5,31,2022,22,3,"Tue","No Holiday",60.9,0.11,0,10.5,0,0
"533",2022-06-01,"00",6,1,2022,22,4,"Wed","No Holiday",59.3,0.08,0,11.6,0,0
"534",2022-06-01,"01",6,1,2022,22,4,"Wed","No Holiday",59.3,0.08,0,11.6,0,0
"535",2022-06-01,"02",6,1,2022,22,4,"Wed","No Holiday",59.3,0.08,0,11.6,0,0
"536",2022-06-01,"03",6,1,2022,22,4,"Wed","No Holiday",59.3,0.08,0,11.6,0,0
"537",2022-06-01,"04",6,1,2022,22,4,"Wed","No Holiday",59.3,0.08,0,11.6,0,0
"538",2022-06-01,"05",6,1,2022,22,4,"Wed","No Holiday",59.3,0.08,0,11.6,0,0
"539",2022-06-01,"06",6,1,2022,22,4,"Wed","No Holiday",59.3,0.08,0,11.6,0,0
"540",2022-06-01,"07",6,1,2022,22,4,"Wed","No Holiday",59.3,0.08,0,11.6,0,0
"541",2022-06-01,"08",6,1,2022,22,4,"Wed","No Holiday",59.3,0.08,0,11.6,0,0
"542",2022-06-01,"09",6,1,2022,22,4,"Wed","No Holiday",59.3,0.08,0,11.6,0,0
"543",2022-06-01,"10",6,1,2022,22,4,"Wed","No Holiday",59.3,0.08,0,11.6,0,0
"544",2022-06-01,"11",6,1,2022,22,4,"Wed","No Holiday",59.3,0.08,0,11.6,0,0
"545",2022-06-01,"12",6,1,2022,22,4,"Wed","No Holiday",59.3,0.08,0,11.6,0,0
"546",2022-06-01,"13",6,1,2022,22,4,"Wed","No Holiday",59.3,0.08,0,11.6,0,0
"547",2022-06-01,"14",6,1,2022,22,4,"Wed","No Holiday",59.3,0.08,0,11.6,0,0
"548",2022-06-01,"15",6,1,2022,22,4,"Wed","No Holiday",59.3,0.08,0,11.6,0,1
"549",2022-06-01,"16",6,1,2022,22,4,"Wed","No Holiday",59.3,0.08,0,11.6,0,1
"550",2022-06-01,"17",6,1,2022,22,4,"Wed","No Holiday",59.3,0.08,0,11.6,0,1
"551",2022-06-01,"18",6,1,2022,22,4,"Wed","No Holiday",59.3,0.08,0,11.6,0,1
"552",2022-06-01,"19",6,1,2022,22,4,"Wed","No Holiday",59.3,0.08,0,11.6,0,1
"553",2022-06-01,"20",6,1,2022,22,4,"Wed","No Holiday",59.3,0.08,0,11.6,0,1
"554",2022-06-01,"21",6,1,2022,22,4,"Wed","No Holiday",59.3,0.08,0,11.6,0,0
"555",2022-06-01,"22",6,1,2022,22,4,"Wed","No Holiday",59.3,0.08,0,11.6,0,0
"556",2022-06-01,"23",6,1,2022,22,4,"Wed","No Holiday",59.3,0.08,0,11.6,0,0
"557",2022-06-02,"00",6,2,2022,22,5,"Thu","No Holiday",59.3,0.05,0,11.4,0,0
"558",2022-06-02,"01",6,2,2022,22,5,"Thu","No Holiday",59.3,0.05,0,11.4,0,0
"559",2022-06-02,"02",6,2,2022,22,5,"Thu","No Holiday",59.3,0.05,0,11.4,0,0
"560",2022-06-02,"03",6,2,2022,22,5,"Thu","No Holiday",59.3,0.05,0,11.4,0,0
"561",2022-06-02,"04",6,2,2022,22,5,"Thu","No Holiday",59.3,0.05,0,11.4,0,0
"562",2022-06-02,"05",6,2,2022,22,5,"Thu","No Holiday",59.3,0.05,0,11.4,0,0
"563",2022-06-02,"06",6,2,2022,22,5,"Thu","No Holiday",59.3,0.05,0,11.4,0,0
"564",2022-06-02,"07",6,2,2022,22,5,"Thu","No Holiday",59.3,0.05,0,11.4,0,0
"565",2022-06-02,"08",6,2,2022,22,5,"Thu","No Holiday",59.3,0.05,0,11.4,0,0
"566",2022-06-02,"09",6,2,2022,22,5,"Thu","No Holiday",59.3,0.05,0,11.4,0,0
"567",2022-06-02,"10",6,2,2022,22,5,"Thu","No Holiday",59.3,0.05,0,11.4,0,0
"568",2022-06-02,"11",6,2,2022,22,5,"Thu","No Holiday",59.3,0.05,0,11.4,0,0
"569",2022-06-02,"12",6,2,2022,22,5,"Thu","No Holiday",59.3,0.05,0,11.4,0,0
"570",2022-06-02,"13",6,2,2022,22,5,"Thu","No Holiday",59.3,0.05,0,11.4,0,0
"571",2022-06-02,"14",6,2,2022,22,5,"Thu","No Holiday",59.3,0.05,0,11.4,0,0
"572",2022-06-02,"15",6,2,2022,22,5,"Thu","No Holiday",59.3,0.05,0,11.4,0,1
"573",2022-06-02,"16",6,2,2022,22,5,"Thu","No Holiday",59.3,0.05,0,11.4,0,1
"574",2022-06-02,"17",6,2,2022,22,5,"Thu","No Holiday",59.3,0.05,0,11.4,0,1
"575",2022-06-02,"18",6,2,2022,22,5,"Thu","No Holiday",59.3,0.05,0,11.4,0,1
"576",2022-06-02,"19",6,2,2022,22,5,"Thu","No Holiday",59.3,0.05,0,11.4,0,1
"577",2022-06-02,"20",6,2,2022,22,5,"Thu","No Holiday",59.3,0.05,0,11.4,0,1
"578",2022-06-02,"21",6,2,2022,22,5,"Thu","No Holiday",59.3,0.05,0,11.4,0,0
"579",2022-06-02,"22",6,2,2022,22,5,"Thu","No Holiday",59.3,0.05,0,11.4,0,0
"580",2022-06-02,"23",6,2,2022,22,5,"Thu","No Holiday",59.3,0.05,0,11.4,0,0
"581",2022-06-03,"00",6,3,2022,22,6,"Fri","No Holiday",57.5,0.05,0,11.6,0,0
"582",2022-06-03,"01",6,3,2022,22,6,"Fri","No Holiday",57.5,0.05,0,11.6,0,0
"583",2022-06-03,"02",6,3,2022,22,6,"Fri","No Holiday",57.5,0.05,0,11.6,0,0
"584",2022-06-03,"03",6,3,2022,22,6,"Fri","No Holiday",57.5,0.05,0,11.6,0,0
"585",2022-06-03,"04",6,3,2022,22,6,"Fri","No Holiday",57.5,0.05,0,11.6,0,0
"586",2022-06-03,"05",6,3,2022,22,6,"Fri","No Holiday",57.5,0.05,0,11.6,0,0
"587",2022-06-03,"06",6,3,2022,22,6,"Fri","No Holiday",57.5,0.05,0,11.6,0,0
"588",2022-06-03,"07",6,3,2022,22,6,"Fri","No Holiday",57.5,0.05,0,11.6,0,0
"589",2022-06-03,"08",6,3,2022,22,6,"Fri","No Holiday",57.5,0.05,0,11.6,0,0
"590",2022-06-03,"09",6,3,2022,22,6,"Fri","No Holiday",57.5,0.05,0,11.6,0,0
"591",2022-06-03,"10",6,3,2022,22,6,"Fri","No Holiday",57.5,0.05,0,11.6,0,0
"592",2022-06-03,"11",6,3,2022,22,6,"Fri","No Holiday",57.5,0.05,0,11.6,0,0
"593",2022-06-03,"12",6,3,2022,22,6,"Fri","No Holiday",57.5,0.05,0,11.6,0,0
"594",2022-06-03,"13",6,3,2022,22,6,"Fri","No Holiday",57.5,0.05,0,11.6,0,0
"595",2022-06-03,"14",6,3,2022,22,6,"Fri","No Holiday",57.5,0.05,0,11.6,0,0
"596",2022-06-03,"15",6,3,2022,22,6,"Fri","No Holiday",57.5,0.05,0,11.6,0,1
"597",2022-06-03,"16",6,3,2022,22,6,"Fri","No Holiday",57.5,0.05,0,11.6,0,1
"598",2022-06-03,"17",6,3,2022,22,6,"Fri","No Holiday",57.5,0.05,0,11.6,0,1
"599",2022-06-03,"18",6,3,2022,22,6,"Fri","No Holiday",57.5,0.05,0,11.6,0,1
"600",2022-06-03,"19",6,3,2022,22,6,"Fri","No Holiday",57.5,0.05,0,11.6,0,1
"601",2022-06-03,"20",6,3,2022,22,6,"Fri","No Holiday",57.5,0.05,0,11.6,0,1
"602",2022-06-03,"21",6,3,2022,22,6,"Fri","No Holiday",57.5,0.05,0,11.6,0,0
"603",2022-06-03,"22",6,3,2022,22,6,"Fri","No Holiday",57.5,0.05,0,11.6,0,0
"604",2022-06-03,"23",6,3,2022,22,6,"Fri","No Holiday",57.5,0.05,0,11.6,0,0
"605",2022-06-04,"00",6,4,2022,23,7,"Sat","No Holiday",56.4,0.03,0,9.4,0,0
"606",2022-06-04,"01",6,4,2022,23,7,"Sat","No Holiday",56.4,0.03,0,9.4,0,0
"607",2022-06-04,"02",6,4,2022,23,7,"Sat","No Holiday",56.4,0.03,0,9.4,0,0
"608",2022-06-04,"03",6,4,2022,23,7,"Sat","No Holiday",56.4,0.03,0,9.4,0,0
"609",2022-06-04,"04",6,4,2022,23,7,"Sat","No Holiday",56.4,0.03,0,9.4,0,0
"610",2022-06-04,"05",6,4,2022,23,7,"Sat","No Holiday",56.4,0.03,0,9.4,0,0
"611",2022-06-04,"06",6,4,2022,23,7,"Sat","No Holiday",56.4,0.03,0,9.4,0,0
"612",2022-06-04,"07",6,4,2022,23,7,"Sat","No Holiday",56.4,0.03,0,9.4,0,0
"613",2022-06-04,"08",6,4,2022,23,7,"Sat","No Holiday",56.4,0.03,0,9.4,0,0
"614",2022-06-04,"09",6,4,2022,23,7,"Sat","No Holiday",56.4,0.03,0,9.4,0,0
"615",2022-06-04,"10",6,4,2022,23,7,"Sat","No Holiday",56.4,0.03,0,9.4,0,0
"616",2022-06-04,"11",6,4,2022,23,7,"Sat","No Holiday",56.4,0.03,0,9.4,0,0
"617",2022-06-04,"12",6,4,2022,23,7,"Sat","No Holiday",56.4,0.03,0,9.4,0,0
"618",2022-06-04,"13",6,4,2022,23,7,"Sat","No Holiday",56.4,0.03,0,9.4,0,0
"619",2022-06-04,"14",6,4,2022,23,7,"Sat","No Holiday",56.4,0.03,0,9.4,0,0
"620",2022-06-04,"15",6,4,2022,23,7,"Sat","No Holiday",56.4,0.03,0,9.4,0,1
"621",2022-06-04,"16",6,4,2022,23,7,"Sat","No Holiday",56.4,0.03,0,9.4,0,1
"622",2022-06-04,"17",6,4,2022,23,7,"Sat","No Holiday",56.4,0.03,0,9.4,0,1
"623",2022-06-04,"18",6,4,2022,23,7,"Sat","No Holiday",56.4,0.03,0,9.4,0,1
"624",2022-06-04,"19",6,4,2022,23,7,"Sat","No Holiday",56.4,0.03,0,9.4,0,1
"625",2022-06-04,"20",6,4,2022,23,7,"Sat","No Holiday",56.4,0.03,0,9.4,0,1
"626",2022-06-04,"21",6,4,2022,23,7,"Sat","No Holiday",56.4,0.03,0,9.4,0,0
"627",2022-06-04,"22",6,4,2022,23,7,"Sat","No Holiday",56.4,0.03,0,9.4,0,0
"628",2022-06-04,"23",6,4,2022,23,7,"Sat","No Holiday",56.4,0.03,0,9.4,0,0
"629",2022-06-05,"00",6,5,2022,23,1,"Sun","No Holiday",59.8,0.08,0,11,0,0
"630",2022-06-05,"01",6,5,2022,23,1,"Sun","No Holiday",59.8,0.08,0,11,0,0
"631",2022-06-05,"02",6,5,2022,23,1,"Sun","No Holiday",59.8,0.08,0,11,0,0
"632",2022-06-05,"03",6,5,2022,23,1,"Sun","No Holiday",59.8,0.08,0,11,0,0
"633",2022-06-05,"04",6,5,2022,23,1,"Sun","No Holiday",59.8,0.08,0,11,0,0
"634",2022-06-05,"05",6,5,2022,23,1,"Sun","No Holiday",59.8,0.08,0,11,0,0
"635",2022-06-05,"06",6,5,2022,23,1,"Sun","No Holiday",59.8,0.08,0,11,0,0
"636",2022-06-05,"07",6,5,2022,23,1,"Sun","No Holiday",59.8,0.08,0,11,0,0
"637",2022-06-05,"08",6,5,2022,23,1,"Sun","No Holiday",59.8,0.08,0,11,0,0
"638",2022-06-05,"09",6,5,2022,23,1,"Sun","No Holiday",59.8,0.08,0,11,0,0
"639",2022-06-05,"10",6,5,2022,23,1,"Sun","No Holiday",59.8,0.08,0,11,0,0
"640",2022-06-05,"11",6,5,2022,23,1,"Sun","No Holiday",59.8,0.08,0,11,0,0
"641",2022-06-05,"12",6,5,2022,23,1,"Sun","No Holiday",59.8,0.08,0,11,0,0
"642",2022-06-05,"13",6,5,2022,23,1,"Sun","No Holiday",59.8,0.08,0,11,0,0
"643",2022-06-05,"14",6,5,2022,23,1,"Sun","No Holiday",59.8,0.08,0,11,0,0
"644",2022-06-05,"15",6,5,2022,23,1,"Sun","No Holiday",59.8,0.08,0,11,0,1
"645",2022-06-05,"16",6,5,2022,23,1,"Sun","No Holiday",59.8,0.08,0,11,0,1
"646",2022-06-05,"17",6,5,2022,23,1,"Sun","No Holiday",59.8,0.08,0,11,0,1
"647",2022-06-05,"18",6,5,2022,23,1,"Sun","No Holiday",59.8,0.08,0,11,0,1
"648",2022-06-05,"19",6,5,2022,23,1,"Sun","No Holiday",59.8,0.08,0,11,0,1
"649",2022-06-05,"20",6,5,2022,23,1,"Sun","No Holiday",59.8,0.08,0,11,0,1
"650",2022-06-05,"21",6,5,2022,23,1,"Sun","No Holiday",59.8,0.08,0,11,0,0
"651",2022-06-05,"22",6,5,2022,23,1,"Sun","No Holiday",59.8,0.08,0,11,0,0
"652",2022-06-05,"23",6,5,2022,23,1,"Sun","No Holiday",59.8,0.08,0,11,0,0
"653",2022-06-06,"00",6,6,2022,23,2,"Mon","No Holiday",58.9,0.13,0,10.3,0,0
"654",2022-06-06,"01",6,6,2022,23,2,"Mon","No Holiday",58.9,0.13,0,10.3,0,0
"655",2022-06-06,"02",6,6,2022,23,2,"Mon","No Holiday",58.9,0.13,0,10.3,0,0
"656",2022-06-06,"03",6,6,2022,23,2,"Mon","No Holiday",58.9,0.13,0,10.3,0,0
"657",2022-06-06,"04",6,6,2022,23,2,"Mon","No Holiday",58.9,0.13,0,10.3,0,0
"658",2022-06-06,"05",6,6,2022,23,2,"Mon","No Holiday",58.9,0.13,0,10.3,0,0
"659",2022-06-06,"06",6,6,2022,23,2,"Mon","No Holiday",58.9,0.13,0,10.3,0,0
"660",2022-06-06,"07",6,6,2022,23,2,"Mon","No Holiday",58.9,0.13,0,10.3,0,0
"661",2022-06-06,"08",6,6,2022,23,2,"Mon","No Holiday",58.9,0.13,0,10.3,0,0
"662",2022-06-06,"09",6,6,2022,23,2,"Mon","No Holiday",58.9,0.13,0,10.3,0,0
"663",2022-06-06,"10",6,6,2022,23,2,"Mon","No Holiday",58.9,0.13,0,10.3,0,0
"664",2022-06-06,"11",6,6,2022,23,2,"Mon","No Holiday",58.9,0.13,0,10.3,0,0
"665",2022-06-06,"12",6,6,2022,23,2,"Mon","No Holiday",58.9,0.13,0,10.3,0,0
"666",2022-06-06,"13",6,6,2022,23,2,"Mon","No Holiday",58.9,0.13,0,10.3,0,0
"667",2022-06-06,"14",6,6,2022,23,2,"Mon","No Holiday",58.9,0.13,0,10.3,0,0
"668",2022-06-06,"15",6,6,2022,23,2,"Mon","No Holiday",58.9,0.13,0,10.3,0,1
"669",2022-06-06,"16",6,6,2022,23,2,"Mon","No Holiday",58.9,0.13,0,10.3,0,1
"670",2022-06-06,"17",6,6,2022,23,2,"Mon","No Holiday",58.9,0.13,0,10.3,0,1
"671",2022-06-06,"18",6,6,2022,23,2,"Mon","No Holiday",58.9,0.13,0,10.3,0,1
"672",2022-06-06,"19",6,6,2022,23,2,"Mon","No Holiday",58.9,0.13,0,10.3,0,1
"673",2022-06-06,"20",6,6,2022,23,2,"Mon","No Holiday",58.9,0.13,0,10.3,0,1
"674",2022-06-06,"21",6,6,2022,23,2,"Mon","No Holiday",58.9,0.13,0,10.3,0,0
"675",2022-06-06,"22",6,6,2022,23,2,"Mon","No Holiday",58.9,0.13,0,10.3,0,0
"676",2022-06-06,"23",6,6,2022,23,2,"Mon","No Holiday",58.9,0.13,0,10.3,0,0
"677",2022-06-07,"00",6,7,2022,23,3,"Tue","No Holiday",59.1,0.02,0,8.9,0,0
"678",2022-06-07,"01",6,7,2022,23,3,"Tue","No Holiday",59.1,0.02,0,8.9,0,0
"679",2022-06-07,"02",6,7,2022,23,3,"Tue","No Holiday",59.1,0.02,0,8.9,0,0
"680",2022-06-07,"03",6,7,2022,23,3,"Tue","No Holiday",59.1,0.02,0,8.9,0,0
"681",2022-06-07,"04",6,7,2022,23,3,"Tue","No Holiday",59.1,0.02,0,8.9,0,0
"682",2022-06-07,"05",6,7,2022,23,3,"Tue","No Holiday",59.1,0.02,0,8.9,0,0
"683",2022-06-07,"06",6,7,2022,23,3,"Tue","No Holiday",59.1,0.02,0,8.9,0,0
"684",2022-06-07,"07",6,7,2022,23,3,"Tue","No Holiday",59.1,0.02,0,8.9,0,0
"685",2022-06-07,"08",6,7,2022,23,3,"Tue","No Holiday",59.1,0.02,0,8.9,0,0
"686",2022-06-07,"09",6,7,2022,23,3,"Tue","No Holiday",59.1,0.02,0,8.9,0,0
"687",2022-06-07,"10",6,7,2022,23,3,"Tue","No Holiday",59.1,0.02,0,8.9,0,0
"688",2022-06-07,"11",6,7,2022,23,3,"Tue","No Holiday",59.1,0.02,0,8.9,0,0
"689",2022-06-07,"12",6,7,2022,23,3,"Tue","No Holiday",59.1,0.02,0,8.9,0,0
"690",2022-06-07,"13",6,7,2022,23,3,"Tue","No Holiday",59.1,0.02,0,8.9,0,0
"691",2022-06-07,"14",6,7,2022,23,3,"Tue","No Holiday",59.1,0.02,0,8.9,0,0
"692",2022-06-07,"15",6,7,2022,23,3,"Tue","No Holiday",59.1,0.02,0,8.9,0,1
"693",2022-06-07,"16",6,7,2022,23,3,"Tue","No Holiday",59.1,0.02,0,8.9,0,1
"694",2022-06-07,"17",6,7,2022,23,3,"Tue","No Holiday",59.1,0.02,0,8.9,0,1
"695",2022-06-07,"18",6,7,2022,23,3,"Tue","No Holiday",59.1,0.02,0,8.9,0,1
"696",2022-06-07,"19",6,7,2022,23,3,"Tue","No Holiday",59.1,0.02,0,8.9,0,1
"697",2022-06-07,"20",6,7,2022,23,3,"Tue","No Holiday",59.1,0.02,0,8.9,0,1
"698",2022-06-07,"21",6,7,2022,23,3,"Tue","No Holiday",59.1,0.02,0,8.9,0,0
"699",2022-06-07,"22",6,7,2022,23,3,"Tue","No Holiday",59.1,0.02,0,8.9,0,0
"700",2022-06-07,"23",6,7,2022,23,3,"Tue","No Holiday",59.1,0.02,0,8.9,0,0
"701",2022-06-08,"00",6,8,2022,23,4,"Wed","No Holiday",62.5,0.09,0,10.3,0,0
"702",2022-06-08,"01",6,8,2022,23,4,"Wed","No Holiday",62.5,0.09,0,10.3,0,0
"703",2022-06-08,"02",6,8,2022,23,4,"Wed","No Holiday",62.5,0.09,0,10.3,0,0
"704",2022-06-08,"03",6,8,2022,23,4,"Wed","No Holiday",62.5,0.09,0,10.3,0,0
"705",2022-06-08,"04",6,8,2022,23,4,"Wed","No Holiday",62.5,0.09,0,10.3,0,0
"706",2022-06-08,"05",6,8,2022,23,4,"Wed","No Holiday",62.5,0.09,0,10.3,0,0
"707",2022-06-08,"06",6,8,2022,23,4,"Wed","No Holiday",62.5,0.09,0,10.3,0,0
"708",2022-06-08,"07",6,8,2022,23,4,"Wed","No Holiday",62.5,0.09,0,10.3,0,0
"709",2022-06-08,"08",6,8,2022,23,4,"Wed","No Holiday",62.5,0.09,0,10.3,0,0
"710",2022-06-08,"09",6,8,2022,23,4,"Wed","No Holiday",62.5,0.09,0,10.3,0,0
"711",2022-06-08,"10",6,8,2022,23,4,"Wed","No Holiday",62.5,0.09,0,10.3,0,0
"712",2022-06-08,"11",6,8,2022,23,4,"Wed","No Holiday",62.5,0.09,0,10.3,0,0
"713",2022-06-08,"12",6,8,2022,23,4,"Wed","No Holiday",62.5,0.09,0,10.3,0,0
"714",2022-06-08,"13",6,8,2022,23,4,"Wed","No Holiday",62.5,0.09,0,10.3,0,0
"715",2022-06-08,"14",6,8,2022,23,4,"Wed","No Holiday",62.5,0.09,0,10.3,0,0
"716",2022-06-08,"15",6,8,2022,23,4,"Wed","No Holiday",62.5,0.09,0,10.3,0,1
"717",2022-06-08,"16",6,8,2022,23,4,"Wed","No Holiday",62.5,0.09,0,10.3,0,1
"718",2022-06-08,"17",6,8,2022,23,4,"Wed","No Holiday",62.5,0.09,0,10.3,0,1
"719",2022-06-08,"18",6,8,2022,23,4,"Wed","No Holiday",62.5,0.09,0,10.3,0,1
"720",2022-06-08,"19",6,8,2022,23,4,"Wed","No Holiday",62.5,0.09,0,10.3,0,1
"721",2022-06-08,"20",6,8,2022,23,4,"Wed","No Holiday",62.5,0.09,0,10.3,0,1
